sira,uid,kisa,tile,sinif,alan_m2,bina_katkisi,kenar_toplam_dp,en_yakin_m,yol_tipi,W_m,UZMAN_KARARI,UYUMLU_MU,NOT
1,d4960fb3-a195-4c1a-80fd-44410619e58e,d4960fb3,mexico-earthquake_00000049,major-damage,79.7,0.085,0.275,2.1,tertiary,9.0,difficult,hayir,"d4960fb3, major-damage, 80 m2, d=2.1m, tertiary W=9m. Uzman: difficult -- kesin bir engel tespit edilmedi, agaclar ve goruntu bulaniklidi nedeniyle yol yuzeyi net degerlendirilemiyor, belirsizlik nedeniyle difficult (ihtiyati karar, 3/6/15 ile ayni desen). Kural (bina_katkisi=0.085 < T_DIFF=0.20) passable uretiyor -> AYRISMA (goruntu okunurlugu kaynakli)."
2,9b1faa0c-a6a8-400d-bb70-c4f36807b48a,9b1faa0c,mexico-earthquake_00000049,major-damage,92.5,0.118,0.313,3.8,residential,7.0,passable,evet,"9b1faa0c, major-damage, 92 m2, d=3.8m. GOZDEN GECIRILDI: ilk karar difficult idi, kriter netlestirildikten sonra (yol yuzeyinde fiziksel engel yoksa passable) tekrar degerlendirildi. Yol uzerinde moloz/engel gorulmuyor. Uzman: passable. Kural (bina_katkisi=0.118 < T_DIFF=0.20) passable uretiyor -> UYUMLU."
3,3bd50bb2-3faa-4c59-ba53-3b2e0c95ad1c,3bd50bb2,mexico-earthquake_00000049,major-damage,128.9,0.157,0.313,4.8,residential,7.0,difficult,hayir,"3bd50bb2, major-damage, 129 m2, d=4.8m. GOZDEN GECIRILDI: kriter netlestirildikten sonra tekrar degerlendirildi, karar degismedi. Gerekce degisti: post goruntu bulanik, sokak dokusu cok dar -- yol yuzeyi net degerlendirilemiyor, belirsizlik nedeniyle difficult (ihtiyati karar). Kural (bina_katkisi=0.157 < T_DIFF=0.20) passable uretiyor -> AYRISMA (goruntu kalitesi/belirsizlik kaynakli)."
4,53158c23-0b5b-468f-bf2d-f6b467edbe3b,53158c23,mexico-earthquake_00000052,major-damage,50.5,0.069,0.117,2.2,residential,7.0,passable,evet,"53158c23, major-damage, 50 m2, d=2.2m. Yakin kirpmada catir orgusu buyuk olcude korunmus, belirgin yikim izi yok. Uzman: passable -- yol uzerinde fiziksel engel gorulmedigi icin passable, difficult degil (16 ile ayni gerekce). Kural (bina_katkisi=0.069 < T_DIFF=0.20) passable uretiyor -> UYUMLU."
5,fff233de-99e1-4e66-abc0-aba3599946ae,fff233de,mexico-earthquake_00000052,major-damage,271.2,0.397,0.431,0.6,residential,7.0,difficult,evet,"fff233de, major-damage, 271 m2, d=0.6m. Yakin kirpmada catir orgusu belirgin bicimde bozulmus, duzenli oda bolmeleri kaybolmus, yigisik/daginik doku var. Uzman: gecilebilir ama zor. Kural (bina_katkisi=0.397, T_DIFF=0.20 ile T_CLOSED=0.50 arasi) difficult uretiyor -> UYUMLU."
6,8a6ceb0f-c9ca-4312-a2b0-cb01044b7e5a,8a6ceb0f,mexico-earthquake_00000052,major-damage,199.4,0.175,0.175,8.5,residential,7.9,difficult,hayir,"8a6ceb0f, major-damage, 199 m2, d=8.5m. GOZDEN GECIRILDI: kriter netlestirildikten sonra tekrar degerlendirildi, karar degismedi. Gerekce: yol kenarlari bozuk/duzensiz gorunuyor, sokak cok dar -- fiziksel zorluk yol yuzeyinden kaynaklaniyor. Kural (bina_katkisi=0.175 < T_DIFF=0.20) passable uretiyor -> AYRISMA."
7,5d0b8a88-54ed-4829-a57f-e4b568484f47,5d0b8a88,mexico-earthquake_00000052,major-damage,51.2,0.052,0.117,8.1,residential,7.0,difficult,hayir,"5d0b8a88, major-damage, 51 m2, d=8.1m. Bina yikilmis (destroyed seviyesinde gorunuyor ama etiket major-damage), yol uzerinde enkaz var. Fiziksel gecis: enkaz aracin gecebilecegi bosluk birakiyor (tam kapanma degil). Uzman: difficult. Kural (bina_katkisi=0.052 < T_DIFF=0.20) passable uretiyor -> AYRISMA (kucuk alanli bina, mesafe agirligi katkiyi dusuruyor ama gorsel hasar/enkaz ciddi)."
8,1faf1760-eaf4-4111-9643-4e3ef3cdd23f,1faf1760,mexico-earthquake_00000052,major-damage,247.1,0.271,0.271,4.4,residential,7.9,difficult,evet,"1faf1760, major-damage, 247 m2, d=4.4m. Yakin kirpmada catir orgusu buyuk olcude korunmus, belirgin yikim izi yok, hafif renk/doku farki var. Uzman: gecilebilir ama zor. Kural (bina_katkisi=0.271, T_DIFF=0.20 ile T_CLOSED=0.50 arasi) difficult uretiyor -> UYUMLU."
9,adbab63d-8d84-4d91-bcbb-a47923c35b19,adbab63d,mexico-earthquake_00000059,major-damage,587.8,0.0,0.0,-1.0,-,0.0,passable,evet,"adbab63d, major-damage, 588 m2. Sanayi/depo kompleksi icinde, cevresinde sadece dahili saha/yukleme alanlari var, kamuya acik cadde 25m icinde yok -- OSM'in bu tesis ici erisim yollarini highway olarak etiketlememesi beklenen/makul bir durum, eksik veri degil. Uzman: passable (bina isaretli yola cok uzak, etkisi minimal). Kural bu binaya hicbir kenar atamiyor (katki=0, en_yakin_m=-1) -> fiilen UYUMLU."
10,229ba083-b2b3-4c65-8e0c-8b2fc722eb8a,229ba083,mexico-earthquake_00000059,destroyed,804.3,0.398,0.759,15.1,residential,7.0,difficult,evet,"destroyed, 804 m2 ama yoldan 15.1 m uzakta; mesafe agirligi katkiyi 0.398e dusuruyor. NOT: f3865521 ile ayni karoda, merkezler arasi 25.5 m, poligonlar kesismiyor -> iki AYRI bitisik nizam komsu. Ikisi de ayni sokaga bakiyor; K-19 bagimsizlik varsayiminin zayifladigi somut ornek."
11,f3865521-1035-4dd1-9962-4c8f91a87df8,f3865521,mexico-earthquake_00000059,major-damage,858.1,0.6,0.759,0.0,residential,7.0,closed,evet,"Bina yolun ustunde (d=0.0), 858 m2, tamamen cokmus. Genis kirpmada yikim secilmedi, yakin kirpma ile dogrulandi."
12,081e6c40-34d9-4ced-84cb-b01bcf593631,081e6c40,mexico-earthquake_00000084,major-damage,90.9,0.0,0.0,-1.0,-,0.0,belirsiz,,"081e6c40, major-damage, 91 m2. Bina bir lunapark/eglence parki icinde (roller coaster gorunuyor), genis yesil alan icinde en yakin kamusal yola 280 m -- izolasyon mantikli. Uzman: hasar degerlendirmesi yapilamadi (agaclar + goruntu bulanikligi nedeniyle once/sonra farki okunmuyor). Not: kural zaten bu binaya hicbir kenar atamiyor (katki=0, en_yakin_m=-1), yani gorsel karardan bagimsiz olarak rota planlamasina etkisi yok -- izolasyon dogrulandi, hasar durumu belirsiz kaldi."
13,4db97035-94b1-4c79-8eed-135a1133f3f8,4db97035,mexico-earthquake_00000085,major-damage,1498.6,0.525,0.677,3.1,residential,7.0,difficult,hayir,"4db97035, major-damage, 1499 m2, d=3.1m. Setin en buyugu, uc bloklu yapi. Yakin kirpmada catir orgusu (ic avlular dahil) buyuk olcude korunmus, net yikim izi yok, yolda moloz gorulmuyor. Uzman: gecilebilir ama zor. Kural (bina_katkisi=0.525 >= T_CLOSED=0.50) closed uretiyor (kenar_toplam_dp=0.677 de ayni yonde) -> AYRISMA."
14,9772b1f8-047d-404c-95df-08d9168b070f,9772b1f8,mexico-earthquake_00000085,major-damage,714.8,0.442,0.697,6.6,residential,7.0,difficult,evet,"9772b1f8, major-damage, 715 m2, d=6.6m. Yakin kirpmada on cephe duzeninde belirgin bozulma var ama yola nispeten mesafeli. Uzman: gecilebilir ama zor (mesafe gerekcesiyle). Kural (bina_katkisi=0.442, T_DIFF=0.20 ile T_CLOSED=0.50 arasi) difficult uretiyor -> UYUMLU."
15,18aa42c0-49de-4838-9700-6b050e2bcb83,18aa42c0,mexico-earthquake_00000085,major-damage,147.5,0.131,0.131,10.2,residential,7.0,difficult,hayir,"18aa42c0, major-damage, 148 m2, d=10.2m. GOZDEN GECIRILDI: kriter netlestirildikten sonra tekrar degerlendirildi, karar degismedi. Gerekce: binalar cok bitisik, post goruntude agaclar yolun bir kismini kapatiyor, temiz/net bir yol goruntusu elde edilemiyor -- belirsizlik nedeniyle difficult. Kural (bina_katkisi=0.131 < T_DIFF=0.20) passable uretiyor -> AYRISMA (goruntu okunurlugu kaynakli)."
16,38c24e0e-66f3-49d3-a0c3-9229971bfd27,38c24e0e,mexico-earthquake_00000088,major-damage,257.5,0.105,0.143,18.2,residential,7.0,passable,evet,"38c24e0e, major-damage, 258 m2, d=18.2m. Yakin kirpmada catir orgusu buyuk olcude korunmus, belirgin yikim izi yok, yol nispeten uzak. Uzman: passable. Kural (bina_katkisi=0.105 < T_DIFF=0.20) passable uretiyor -> UYUMLU."
17,f26870a6-9d6b-4bf1-82a2-232d39e21fba,f26870a6,mexico-earthquake_00000108,major-damage,25.9,0.026,0.079,8.2,residential,7.0,passable,evet,"f26870a6, major-damage, 26 m2, d=8.2m. Cok kucuk bina. Post goruntude yol temiz. Uzman: passable. Kural (bina_katkisi=0.026 < T_DIFF=0.20) passable uretiyor -> UYUMLU."
18,11be20a8-f644-4c6d-8fb9-dba23fdb72be,11be20a8,mexico-earthquake_00000142,destroyed,63.1,0.074,0.073,6.7,secondary_link,11.0,passable,evet,"11be20a8, destroyed, 63 m2, d=6.7m, secondary_link W=11m. GOZDEN GECIRILDI: ilk karar difficult idi, kriter netlestirildikten sonra tekrar degerlendirildi. Bolge riskli gorunse de post goruntude yol temiz -- moloz/engel yok. Uzman: passable. Kural (bina_katkisi=0.074 < T_DIFF=0.20) passable uretiyor -> UYUMLU."
19,de1d1697-4cba-4c14-a609-3db853584576,de1d1697,mexico-earthquake_00000142,major-damage,163.1,0.0,0.0,-1.0,-,0.0,passable,evet,"de1d1697, major-damage, 163 m2. Yogun pazar/depo dokusu icinde, 18 ile ayni tile. Kamuya acik yol 25m icinde OSM'de yok. Uzman: passable -- yollarda moloz/enkaz izi gorulmuyor, isaretli binanin etkisi minimal. Kural bu binaya hicbir kenar atamiyor (katki=0, en_yakin_m=-1) -> fiilen UYUMLU."
20,66ab3129-0068-400c-8ad4-d0a518eac9f9,66ab3129,mexico-earthquake_00000146,major-damage,433.0,0.6,0.618,0.0,residential,7.0,difficult,hayir,"66ab3129, major-damage, 433 m2, d=0.0m (yol uzerinde). Yakin kirpmada catir orgusu buyuk olcude bozulmamis, kismi hasar/renk-doku degisimi var, tam cokme degil. Uzman: gecilebilir ama zor. Kural (bina_katkisi=0.600 >= T_CLOSED=0.50) closed uretiyor (kenar_toplam_dp=0.618 de ayni yonde) -> AYRISMA."
